2016-08-11T22:37:58	23.373348	138.053650	12.786880	1.291237	2.721466409
2016-08-12T00:58:39	46.800053	54.449314	3.397975	-0.380582	1.455899426
2016-08-11T23:33:00	67.238441	238.654587	21.617802	-1.131935	0.887125205
2016-08-11T23:01:13	72.179466	209.062866	32.100124	-1.034746	0.960697278
2016-08-12T01:01:33	43.203278	119.220276	12.987102	-0.455871	1.398905653
2016-08-12T23:56:15	22.100491	93.204269	16.102495	0.147841	1.855915637
2016-08-13T00:47:06	64.947388	46.823624	3.791877	0.321465	1.987349005
2016-08-12T00:38:04	22.328726	136.539413	16.102232	0.767158	2.324738606
2016-08-13T01:30:58	31.744526	110.213058	13.235241	-2.136262	0.12684966600000003
2016-08-13T00:21:44	42.418423	129.496399	20.658178	0.004263	1.747227091
2016-08-13T01:51:47	21.161882	243.657257	15.126186	-0.389379	1.4492400970000001
2016-08-12T00:51:40	38.998543	67.269730	9.398191	1.464571	2.8526802470000003
2016-08-13T01:41:29	27.297438	140.371582	14.501081	0.374147	2.027229279
2016-08-12T22:16:27	45.475613	136.306427	21.423332	-1.247611	0.7995584729999999
2016-08-11T23:53:27	49.619675	31.778465	8.494799	-0.300339	1.516643377
2016-08-11T19:05:57	43.798931	37.791809	12.779851	-0.534211	1.3396022730000001
2016-08-12T00:25:39	56.708702	262.410156	21.249100	-0.355550	1.47484865
2016-08-11T23:03:32	32.383015	71.412254	7.794792	0.825807	2.3691358989999998
2016-08-12T01:03:11	52.885357	349.239655	14.017338	-0.399127	1.4418608609999999
2016-08-13T00:56:00	33.474873	296.815491	18.650980	-0.693781	1.218807783
2016-08-12T00:01:09	16.131289	241.775848	13.742598	-1.051710	0.94785553
2016-08-13T01:37:59	41.080051	308.306763	16.244200	-0.668725	1.237775175
2016-08-11T19:03:36	37.211327	231.206741	20.704105	-0.795505	1.1418027149999999
2016-08-12T01:44:56	29.445509	226.097153	19.451403	1.453383	2.844210931
2016-08-13T01:56:04	60.562763	41.698994	6.443534	-0.017778	1.730542054
2016-08-12T23:18:50	18.941736	197.701263	12.455788	-1.984554	0.24169262199999997
2016-08-13T01:07:29	47.608810	167.358353	33.128010	-1.808895	0.3746664850000001
2016-08-13T00:13:29	30.838026	94.508759	9.693591	-1.018224	0.973204432
2016-08-12T01:03:30	26.756569	136.776535	14.767252	-0.051973	1.704656439
2016-08-12T23:16:19	42.927132	277.122284	29.850977	-1.306817	0.754739531
2016-08-12T01:22:45	25.406691	162.866425	12.267450	-0.938315	1.033695545
2016-08-12T21:51:56	84.134903	306.971802	17.035770	-0.789604	1.1462697720000001
2016-08-12T00:20:42	44.757401	224.626724	24.724743	-0.066416	1.693723088
2016-08-11T21:08:17	36.966805	229.958771	8.232574	1.079658	2.561301106
2016-08-12T00:27:50	56.005138	184.737045	8.896428	-0.518648	1.351383464
2016-08-11T20:02:26	45.142956	349.942444	12.400665	-0.502875	1.363323625
2016-08-12T22:57:47	32.577671	92.316277	9.765313	-0.282470	1.53017021
2016-08-12T00:07:59	62.914577	147.785294	19.174417	0.001710	1.74529447
2016-08-12T01:14:18	16.109331	292.829620	8.569669	-1.368247	0.708237021
2016-08-12T00:27:35	71.726158	70.744438	14.823622	-0.323291	1.499268713
2016-08-12T23:12:49	62.293804	64.277710	14.090582	-0.853774	1.097693082
2016-08-12T01:17:22	49.299858	132.461227	21.215342	0.220141	1.910646737
2016-08-11T23:04:30	15.324451	93.937912	14.342122	1.284186	2.716128802
2016-08-12T23:59:02	60.864964	150.393799	4.578009	1.309222	2.735081054
2016-08-11T23:16:02	40.064419	66.112358	6.887525	-1.616364	0.520412452
2016-08-11T22:49:41	54.337475	171.004105	21.692348	-1.749564	0.41958005200000015
2016-08-13T01:48:38	54.227737	119.845932	14.596419	0.839520	2.3795166400000003
2016-08-12T01:47:30	39.434631	120.649925	24.925980	-1.596237	0.535648591
2016-08-13T01:53:18	27.362617	107.932007	8.699527	-0.027191	1.723416413
2016-08-13T00:28:48	55.234802	358.722351	7.720971	-0.737510	1.18570493
2016-08-12T01:52:32	28.286949	183.022141	14.129096	-1.321428	0.7436790039999999
2016-08-12T01:46:03	63.933666	208.093781	19.300592	-0.312408	1.5075071439999999
2016-08-11T21:56:12	81.664833	315.631287	25.752625	-1.374241	0.703699563
2016-08-13T00:00:47	59.757343	355.254120	22.421579	-0.875962	1.080896766
2016-08-11T23:31:36	28.763056	243.375015	16.838654	-2.398791	-0.07188478700000012
2016-08-12T23:35:50	87.421318	227.731766	22.038816	-0.879768	1.0780156239999998
2016-08-13T00:32:10	42.225258	174.042679	21.264828	0.148933	1.856742281
2016-08-11T23:20:46	15.870752	239.176117	8.665146	-2.126989	0.13386932699999998
2016-08-13T00:44:32	33.917450	49.574169	4.222579	0.819785	2.364577245
2016-08-12T01:25:21	16.728834	283.492737	10.094820	0.673455	2.253805435
2016-08-12T01:22:20	39.390739	107.886787	14.153816	0.805162	2.353507634
2016-08-12T00:59:13	16.933222	250.984726	8.036065	-0.055531	1.701963033
2016-08-12T01:35:58	66.210480	86.469040	6.356123	-0.025880	1.72440884
2016-08-11T23:26:39	48.505905	185.024094	32.043716	-0.474785	1.384587755
2016-08-13T00:22:57	35.953335	343.243988	12.236985	0.454411	2.087989127
2016-08-11T23:40:50	52.574303	15.032438	8.264025	-1.070841	0.9333733630000001
2016-08-13T00:06:52	70.115234	288.187592	14.887654	-0.504794	1.361870942
2016-08-12T23:17:44	39.947235	91.834511	26.921099	0.834421	2.375656697
2016-08-11T22:43:01	34.188332	174.164719	20.342834	-2.166246	0.10415177799999986
2016-08-12T23:55:30	15.457211	193.361572	10.526668	0.713358	2.284012006
2016-08-12T22:18:16	52.074650	142.199524	24.878660	-1.914898	0.2944222139999999
2016-08-11T23:51:14	45.021431	311.534454	18.999002	-1.776605	0.399110015
2016-08-13T01:26:30	24.236137	135.361282	8.827969	0.595879	2.195080403
2016-08-12T00:57:03	35.931408	121.486862	14.416550	-0.723311	1.1964535729999999
2016-08-12T00:30:23	24.340464	111.251556	12.046575	0.996372	2.4982536040000003
2016-08-12T01:08:44	36.803654	220.768433	22.863054	-0.657209	1.246492787
2016-08-12T00:39:00	35.167587	205.565155	24.214556	-0.206245	1.587872535
2016-08-11T22:36:25	26.066483	113.449776	14.539886	-2.313153	-0.007056820999999935
2016-08-13T00:36:27	44.621544	213.673294	18.121206	-1.352283	0.7203217690000001
2016-08-11T22:58:29	41.605541	348.051727	16.963837	-0.085634	1.679175062
2016-08-12T23:35:27	72.849174	266.817230	27.308893	-1.195837	0.838751391
2016-08-12T00:05:28	83.234512	128.379059	11.466342	-1.633567	0.5073897810000001
2016-08-11T23:33:56	39.702812	184.985901	21.903372	-1.285745	0.770691035
2016-08-12T00:22:34	32.382381	149.151749	16.225286	-0.702053	1.2125458789999999
2016-08-12T00:11:33	66.859772	70.696083	9.037091	-1.029224	0.9648774320000001
2016-08-12T19:10:23	58.474228	282.552094	27.267866	-0.049117	1.706818431
2016-08-12T00:40:39	59.947124	107.528252	1.100000	-0.074473	1.687623939
2016-08-12T01:48:18	62.113380	282.302063	22.399651	-2.140157	0.1239011510000001
2016-08-12T00:04:17	26.074886	131.699219	21.042572	-0.494724	1.369493932
2016-08-13T01:46:38	44.979298	148.159866	16.560192	-0.103001	1.666028243
2016-08-12T23:14:24	52.032566	344.186798	21.395185	-0.020354	1.728592022
2016-08-11T23:31:15	20.919661	248.651581	12.176401	-0.631753	1.265762979
2016-08-13T01:50:18	86.499222	39.673855	12.010367	-0.496143	1.368419749
2016-08-13T00:29:01	34.274414	84.563232	14.052760	-1.778003	0.3980517290000001
2016-08-12T00:25:27	58.752743	336.897461	11.517807	-0.511190	1.35702917
2016-08-12T00:27:04	41.280029	137.347610	20.485365	-1.569009	0.5562601869999999
2016-08-12T18:59:58	49.545982	60.858013	18.214977	-0.310875	1.508667625
2016-08-12T01:35:24	69.641541	321.165863	7.263335	-0.800905	1.137714915
2016-08-12T01:06:51	61.392757	5.648671	8.426414	-0.500758	1.364926194
2016-08-13T01:59:16	18.485529	129.226913	10.034357	-1.110861	0.903078223
2016-08-13T00:41:05	65.467957	81.585793	8.296315	-0.489706	1.373292558
2016-08-11T23:28:22	18.269444	185.083145	9.372761	-0.718606	1.200015258
2016-08-12T00:15:25	31.115679	75.872925	8.482711	-3.682120	-1.04336484
2016-08-11T22:06:46	76.097214	337.091644	4.851199	-0.013068	1.734107524
2016-08-11T21:08:03	29.919817	32.154037	1.304408	1.102084	2.578277588
2016-08-12T23:32:41	32.022617	177.810349	22.822548	-3.014334	-0.537850838
2016-08-12T00:46:27	35.699993	267.444427	18.422770	-0.229623	1.570175389
2016-08-12T00:02:22	25.867111	227.296097	23.889183	-1.001796	0.9856404280000001
2016-08-11T23:03:05	40.099308	209.036087	19.742188	-1.767833	0.4057504190000001
2016-08-12T01:37:37	35.312325	92.593895	10.386208	-0.348934	1.479856962
2016-08-11T23:27:17	17.168156	203.575867	9.723422	-0.379741	1.456536063
2016-08-12T01:34:17	42.483662	52.378628	3.710779	-1.090767	0.9182893809999999
2016-08-12T01:04:58	56.531197	275.805542	25.011633	-1.430961	0.660762523
2016-08-12T00:00:52	45.554214	191.649719	29.100008	-0.952415	1.023021845
2016-08-12T19:04:30	43.886997	269.608643	23.097097	-1.921221	0.28963570299999986
2016-08-13T01:26:04	39.288139	167.264771	17.141243	0.498323	2.121230511
2016-08-12T01:49:32	30.219593	148.169327	11.809241	-1.081580	0.92524394
2016-08-11T23:06:06	25.346010	57.929268	3.631491	0.378569	2.030576733
2016-08-11T22:54:38	48.799175	237.471405	21.326073	0.214673	1.906507461
2016-08-12T21:46:55	32.661804	265.133453	17.302176	2.581629	3.698293153
2016-08-12T22:46:46	26.200872	314.465942	14.630922	0.520537	2.138046509
2016-08-11T21:25:26	58.875011	51.632282	10.252727	-0.412986	1.4313695979999999
2016-08-11T23:12:14	43.609089	43.504364	3.043127	1.110020	2.58428514
2016-08-12T00:14:33	43.342937	79.890076	3.937277	-0.356511	1.474121173
2016-08-12T01:53:02	35.067459	104.731644	12.932143	-0.590135	1.297267805
2016-08-12T01:51:49	83.707718	275.714661	12.903988	-1.824443	0.36289664899999985
2016-08-12T00:15:09	68.469429	268.081268	24.628023	-1.666495	0.4824632849999999
2016-08-12T01:37:23	22.175697	292.069733	13.864016	0.298333	1.969838081
2016-08-13T01:54:38	66.021835	199.236984	26.343027	-0.594944	1.2936273919999999
2016-08-12T00:03:09	87.954399	227.816330	21.121185	-2.123082	0.1368269259999999
2016-08-12T01:03:27	23.300890	66.241798	9.143360	-0.171370	1.61427291
2016-08-13T00:11:57	70.579010	103.724831	1.033333	0.924345	2.4437291649999997
2016-08-13T00:27:55	23.709686	70.822456	9.365972	-1.060536	0.941174248
2016-08-13T00:15:07	62.151455	154.631134	28.084265	-0.667558	1.238658594
2016-08-12T21:49:11	32.219872	351.773010	17.364853	-0.679471	1.229640453
2016-08-13T01:37:36	73.783897	209.146667	16.309099	-0.849607	1.100847501
2016-08-11T20:33:52	43.250645	120.350540	21.585466	-1.060784	0.940986512
2016-08-12T23:42:11	22.617163	123.618568	12.441784	-1.808427	0.37502076100000004
2016-08-12T23:04:32	68.752823	101.150543	16.392290	0.793019	2.344315383
2016-08-12T23:31:50	19.330770	242.244644	12.097623	-1.359436	0.7149069479999999
2016-08-12T22:43:23	22.490993	124.811844	12.584290	0.199572	1.895076004
2016-08-11T22:20:40	50.093979	257.571686	19.588493	-0.539293	1.3357551989999998
2016-08-13T01:14:08	39.464684	350.980347	18.246782	-2.020086	0.21479489799999985
2016-08-11T21:17:42	52.117367	184.056320	27.201120	-1.355592	0.717816856
2016-08-13T01:10:03	36.824581	187.225159	20.424406	-0.014631	1.732924333
2016-08-13T02:07:22	22.234877	54.549519	9.662371	-0.142351	1.636240293
2016-08-11T23:39:36	21.327017	259.445526	9.470465	-0.085358	1.679383994
2016-08-12T23:13:31	16.303968	313.250610	9.758379	0.586506	2.187985042
2016-08-13T00:31:35	63.607491	150.487488	21.619904	-1.485226	0.619683918
2016-08-12T01:43:09	51.885643	327.500580	14.632568	-1.309605	0.752629015
2016-08-11T23:19:26	41.793346	139.575043	19.675215	-0.237943	1.563877149
2016-08-11T23:18:46	41.113640	349.849670	13.652446	-0.214567	1.581572781
2016-08-11T22:15:36	23.826078	203.075592	12.951871	-1.194338	0.8398861340000001
2016-08-11T23:29:50	62.868000	191.791687	27.631147	-1.039398	0.9571757139999999
2016-08-13T02:09:33	43.184803	153.050720	16.401047	-0.240575	1.561884725
2016-08-12T21:44:04	69.576355	68.613571	16.923468	-1.304602	0.756416286
2016-08-12T19:21:30	66.699814	245.561478	31.633484	-1.693898	0.46171921400000016
2016-08-12T01:28:03	52.259167	266.760071	23.696079	-0.811499	1.129695257
2016-08-12T22:18:35	43.785984	263.490173	7.307233	1.152934	2.616771038
2016-08-11T22:22:05	35.262646	326.716461	17.262629	-1.978899	0.24597345700000006
2016-08-12T22:24:47	17.813866	266.351257	28.847441	0.586545	2.188014565
2016-08-12T23:59:37	28.408762	54.828037	7.849501	0.112104	1.828862728
2016-08-11T23:29:19	19.430243	60.222862	5.988183	-1.037978	0.958250654
2016-08-11T21:13:57	64.866020	148.960876	24.023260	1.083252	2.564021764
2016-08-12T00:30:06	37.667656	22.341946	14.676934	-1.093478	0.916237154
2016-08-13T01:36:24	38.593067	199.594833	19.556961	-0.018755	1.729802465
2016-08-11T23:32:07	38.243382	270.638275	18.975342	-2.094407	0.15853390099999998
2016-08-13T01:40:16	50.411793	113.513924	15.239680	-1.959557	0.260615351
2016-08-13T01:26:12	24.416739	179.744644	13.390353	0.166981	1.870404617
2016-08-12T01:03:15	52.900024	348.979279	15.104696	-1.217646	0.822241978
2016-08-13T01:37:51	19.763109	342.319000	11.214069	0.032761	1.768800077
2016-08-12T00:08:50	63.777889	213.350311	13.412913	-0.466596	1.390786828
2016-08-12T00:10:35	71.945160	349.066833	24.144741	-0.549466	1.328054238
2016-08-12T00:43:45	63.163380	347.589020	14.036190	0.146670	1.85502919
2016-08-11T22:50:41	50.189602	20.150135	7.912883	1.050608	2.5393102560000003
2016-08-12T00:00:07	15.369266	64.289803	4.868338	0.721254	2.289989278
2016-08-13T00:53:26	81.929443	57.570053	11.335959	0.009715	1.751354255
2016-08-12T22:54:30	39.875488	152.682861	18.488482	-1.430215	0.6613272450000001
2016-08-11T21:13:17	27.937183	354.006927	9.641929	0.905560	2.42950892
2016-08-11T23:11:34	15.634684	105.004318	8.336522	-0.720645	1.198471735
2016-08-13T01:27:37	36.580250	36.062237	7.679923	0.191449	1.888926893
2016-08-12T22:28:25	65.372353	203.231583	28.384317	0.176463	1.877582491
2016-08-11T22:44:00	41.732948	18.779156	5.781524	1.349560	2.7656169200000003
2016-08-12T23:25:02	76.045227	46.661335	11.796343	-1.576177	0.5508340110000001
2016-08-11T20:50:54	83.619469	83.724922	15.994178	0.641870	2.22989559
2016-08-12T01:07:25	73.349678	110.961533	16.045155	-2.361642	-0.043762993999999944
2016-08-11T20:49:42	46.549999	5.415435	9.455545	0.039562	1.773948434
2016-08-11T20:07:55	84.403679	112.467201	22.684923	-1.078429	0.9276292469999999
2016-08-11T23:01:49	19.596863	142.127884	12.715817	-1.626952	0.512397336
2016-08-13T00:24:58	50.618469	10.779320	11.186831	-1.185318	0.8467142739999999
2016-08-13T01:34:14	39.913551	51.309368	8.147270	-0.087948	1.677423364
2016-08-13T01:29:52	45.235584	130.032486	7.692667	-0.462660	1.39376638
2016-08-13T01:14:33	56.085644	219.342209	19.829994	-1.823082	0.363926926
2016-08-11T19:10:29	15.013291	173.604080	3.461735	-0.537664	1.336988352
2016-08-13T01:21:18	33.069164	316.091187	13.862351	-2.401101	-0.07363345700000012
2016-08-11T21:55:13	32.689800	96.857742	14.393076	-2.321073	-0.01305226100000012
2016-08-13T00:39:40	28.843208	312.300690	4.051262	-1.672885	0.477626055
2016-08-12T23:30:58	51.481541	241.978638	23.826723	-1.307060	0.7545555799999999
2016-08-13T01:58:38	45.886154	334.356323	14.181566	0.217521	1.908663397
2016-08-11T22:56:35	65.588097	14.573804	13.611733	0.505282	2.126498474
2016-08-13T01:20:49	43.093918	144.082764	17.797668	-2.043784	0.19685551199999995
2016-08-12T23:36:21	37.062538	89.041084	7.122961	-0.678370	1.23047391
2016-08-13T01:24:21	69.313187	127.271942	25.765417	-0.514781	1.3543107829999999
2016-08-11T22:45:31	15.531877	55.058983	5.109411	-0.027623	1.723089389
2016-08-13T01:45:45	28.830189	173.990784	10.355601	0.641612	2.2297002839999998
2016-08-11T23:38:06	54.720688	146.213882	23.531933	-2.327458	-0.017885705999999946
2016-08-13T01:15:26	33.601730	194.649429	12.795321	0.070999	1.797746243
2016-08-12T23:31:21	67.924065	151.704483	15.964817	-0.238974	1.563096682
2016-08-12T01:13:30	28.335632	347.425659	13.991429	0.011577	1.752763789
2016-08-11T21:26:36	21.611816	282.069489	5.153247	-0.028763	1.722226409
2016-08-11T23:51:28	61.989658	305.626221	23.079977	-0.386556	1.451377108
2016-08-11T19:52:00	19.106138	293.110168	12.197349	-1.642585	0.500563155
2016-08-11T23:02:26	34.238548	145.221924	16.121550	-1.843220	0.34868246
2016-08-13T00:43:42	79.801086	123.703918	15.968253	0.665724	2.247953068
2016-08-13T01:44:49	53.082390	226.100586	13.632021	1.645926	2.989965982
2016-08-12T21:59:40	55.735546	276.643707	6.676204	1.083401	2.564134557
2016-08-13T01:31:28	17.717775	229.191513	10.293386	-1.469833	0.6313364189999999
2016-08-12T01:47:20	33.676750	302.518188	5.335469	1.021949	2.517615393
2016-08-13T01:14:22	59.401196	87.450958	5.806217	0.975915	2.482767655
2016-08-11T20:31:08	28.299925	334.523102	19.736341	-0.043622	1.710978146
2016-08-11T21:25:55	67.398933	291.849609	4.296236	0.774774	2.330503918
2016-08-11T23:41:58	71.434532	70.741768	12.084847	0.128633	1.841375181
2016-08-12T23:18:02	78.040970	30.994608	13.465668	0.361529	2.017677453
2016-08-11T22:34:54	74.757668	71.814529	16.158337	-2.223548	0.06077416399999991
2016-08-11T23:21:42	50.157757	172.639465	20.649811	-0.289574	1.524792482
2016-08-11T19:12:25	63.049057	174.676010	4.457625	1.333388	2.7533747159999997
2016-08-13T02:02:59	73.208618	322.503845	23.170107	-0.546265	1.330477395
2016-08-11T19:27:09	32.474586	269.528534	17.933580	-0.882670	1.07581881
2016-08-11T20:40:08	41.687717	349.279144	13.625244	0.916503	2.437792771
2016-08-11T23:35:21	36.436855	276.262543	17.745153	-1.864502	0.3325719859999998
2016-08-12T01:22:07	37.372795	18.119896	7.961548	1.663478	3.003252846
2016-08-12T22:10:00	48.921616	334.264343	18.610277	-1.357753	0.716180979
2016-08-12T00:24:25	23.042353	67.252823	7.630105	0.572623	2.177475611
2016-08-12T00:12:37	29.584227	286.848083	22.747623	-1.060637	0.9410977909999999
2016-08-13T01:18:19	55.323891	277.005890	21.452005	0.234611	1.921600527
2016-08-12T00:41:57	20.526241	133.842545	9.910906	0.542241	2.154476437
2016-08-13T01:52:10	30.923216	155.559311	7.464302	0.813597	2.359892929
2016-08-13T01:40:00	35.158825	188.352631	10.385310	0.682533	2.260677481
2016-08-12T22:24:09	55.243500	135.209763	14.267458	1.434732	2.830092124
2016-08-12T00:21:25	28.405676	232.085205	12.980316	-1.607377	0.5272156109999999
2016-08-13T00:12:07	67.728775	61.312695	6.826784	0.322649	1.988245293
2016-08-13T01:28:38	29.618160	137.786362	13.513604	-0.173242	1.612855806
2016-08-13T01:49:39	27.973246	191.812454	17.608728	-2.117545	0.1410184350000001
2016-08-11T22:53:34	18.090363	193.277710	10.243138	-1.470834	0.630578662
2016-08-12T23:41:35	36.231159	80.975899	9.919950	0.407496	2.052474472
2016-08-12T22:26:11	24.138233	221.779999	21.455753	-0.041277	1.712753311
2016-08-12T00:47:32	26.173641	174.381378	15.830452	-2.285270	0.014050609999999963
2016-08-12T01:00:05	61.010174	151.564514	8.374044	-0.742553	1.181887379
2016-08-12T23:11:51	48.229366	159.536942	16.713669	-0.293187	1.522057441
2016-08-11T22:38:27	50.026165	19.007570	9.464312	-0.583784	1.302075512
2016-08-11T22:57:13	70.315170	109.187325	31.777996	1.130469	2.5997650329999997
2016-08-13T00:30:53	27.066370	185.598923	15.972186	-0.162783	1.620773269
2016-08-12T01:24:24	23.015501	162.805481	9.077783	-0.219431	1.577890733
2016-08-11T21:37:29	67.030975	238.271683	28.916208	-1.265152	0.7862799359999999
2016-08-12T23:06:58	74.783737	78.163277	16.055986	-0.986928	0.9968955039999999
2016-08-12T00:30:47	43.719975	338.231476	16.504845	0.226694	1.915607358
2016-08-13T01:38:02	82.281029	5.809464	13.482777	-1.247985	0.799275355
2016-08-12T01:30:14	16.022892	221.676117	9.280300	0.788280	2.3407279599999997
2016-08-13T00:20:24	16.634357	202.439209	7.062948	-1.270641	0.782124763
2016-08-13T00:10:36	42.141048	167.145584	18.894758	-2.348767	-0.03401661899999997
2016-08-13T00:41:47	52.551216	72.324730	1.100000	1.188937	2.644025309
2016-08-11T19:48:13	62.070694	5.682942	16.170862	-0.555494	1.323491042
2016-08-12T00:56:39	76.156670	55.660103	4.326515	-0.939253	1.0329854790000002
2016-08-13T01:09:28	49.618713	44.231003	8.807846	1.176481	2.634596117
2016-08-12T19:41:30	42.375294	11.067041	8.219790	-0.307618	1.511133174
2016-08-11T23:35:49	50.716850	213.775391	18.432596	-2.475221	-0.12974229699999995
2016-08-12T22:32:10	60.672523	29.791420	11.079873	0.517710	2.13590647
2016-08-11T23:15:48	41.808659	196.096497	21.350197	-1.531046	0.584998178
2016-08-11T23:54:39	23.262405	182.145737	13.303117	0.734417	2.2999536689999998
2016-08-13T01:09:04	44.131649	319.113281	20.168480	-0.761625	1.167449875
2016-08-13T01:08:24	18.991856	225.962830	12.136554	-1.198958	0.836388794
2016-08-11T23:41:15	30.453701	180.559891	17.994328	-0.964723	1.0137046889999999
2016-08-11T21:57:44	53.774899	78.643311	10.979045	-1.093960	0.91587228
2016-08-12T23:17:31	70.057808	195.206024	25.792583	-0.762738	1.166607334
2016-08-11T21:53:02	16.960672	96.919296	7.689792	-0.555918	1.323170074
2016-08-11T21:45:24	57.989914	78.370934	16.207138	-1.012793	0.9773156989999999
2016-08-12T22:31:38	59.111916	69.851807	12.174655	-0.965065	1.013445795
2016-08-12T01:40:48	57.600380	194.201965	24.963438	-0.638210	1.26087503
2016-08-13T01:21:55	57.165897	149.562317	17.729809	-0.349818	1.479187774
2016-08-11T21:40:59	33.796200	134.040451	19.494177	-2.203190	0.0761851699999998
2016-08-11T20:06:39	59.982624	81.856377	22.420521	0.938771	2.454649647
2016-08-11T21:28:03	68.494316	327.723083	24.411806	-0.641067	1.258712281
2016-08-12T00:25:33	37.590706	354.623138	15.425136	-0.637750	1.26122325
2016-08-11T23:10:03	45.857899	117.041389	14.769346	0.405979	2.051326103
2016-08-12T00:28:40	75.007980	238.796021	26.455318	-0.380291	1.456119713
2016-08-11T22:24:27	17.558174	182.390900	1.100000	1.618037	2.968854009
2016-08-11T21:56:00	43.112560	80.272392	12.243516	0.699279	2.2733542030000002
2016-08-12T00:49:56	50.361286	258.384003	5.232576	0.675419	2.255292183
2016-08-13T00:03:33	75.125671	219.868103	19.287697	-1.171697	0.857025371
2016-08-12T00:08:58	48.806564	182.976105	30.703127	-0.624127	1.271535861
2016-08-12T00:39:34	82.915047	253.602997	12.305305	-0.343723	1.4838016889999999
2016-08-11T22:44:13	36.935314	349.481232	13.976380	-0.344601	1.483137043
2016-08-12T23:17:58	26.966526	255.606567	14.563914	-1.402168	0.682558824
2016-08-11T23:24:58	66.945503	286.714783	15.514468	-0.416450	1.42874735
2016-08-13T00:58:52	37.188480	72.399139	10.591481	-0.075769	1.686642867
2016-08-12T23:13:16	26.966215	144.914032	24.767473	-0.838583	1.109192669
2016-08-13T00:47:09	89.054138	38.389603	15.817157	-0.650135	1.251847805
2016-08-12T00:08:16	16.099245	276.620209	14.387267	-0.722531	1.197044033
2016-08-11T19:08:33	56.038193	75.520889	18.630861	0.141421	1.851055697
2016-08-11T23:09:49	27.275953	112.009247	6.846663	0.703424	2.276491968
2016-08-11T23:18:19	28.545507	298.640594	14.832290	-0.432174	1.416844282
2016-08-11T22:52:36	39.693607	15.072697	8.469728	-0.729985	1.191401355
2016-08-13T00:26:12	54.086876	76.786789	9.412417	-2.736519	-0.32754488300000006
2016-08-11T23:47:23	55.197617	234.144592	9.118300	-0.601135	1.288940805
2016-08-13T00:55:22	71.902702	253.920197	20.081589	-2.406826	-0.07796728200000014
2016-08-11T22:07:38	66.257179	9.626255	29.248373	-1.160400	0.8655771999999999
2016-08-12T01:53:56	72.053436	27.607525	1.859043	-0.082533	1.681522519
2016-08-11T22:02:16	49.860283	102.101013	17.835667	-0.719167	1.199590581
2016-08-12T23:12:25	33.654312	187.476364	20.540529	-2.494944	-0.1446726079999998
2016-08-13T01:59:20	15.441205	125.851669	8.298535	-0.769198	1.161717114
2016-08-11T23:25:13	69.442993	206.325790	20.612898	0.777039	2.332218523
2016-08-12T01:10:50	18.230492	41.804123	7.116586	-0.160372	1.6225983959999999
2016-08-12T22:56:50	40.541962	178.951996	20.084555	-0.634951	1.2633420929999999
2016-08-12T00:01:59	60.386902	53.855228	3.811727	-0.750365	1.1759736950000002
2016-08-12T01:26:04	16.833313	299.897980	13.906894	0.843744	2.382714208
2016-08-12T00:19:03	76.840500	213.674500	15.451426	-1.077999	0.9279547570000001
2016-08-11T23:53:04	69.446716	67.209511	9.453534	0.379564	2.0313299479999998
2016-08-12T00:48:28	69.720016	175.750519	23.570467	-2.380247	-0.0578469789999998
2016-08-11T22:55:58	48.822163	158.649689	27.981316	0.141492	1.851109444
2016-08-11T23:43:30	17.248707	315.350677	11.544499	-1.375795	0.702523185
2016-08-12T21:50:30	26.859741	149.794037	16.160664	-1.378679	0.7003399969999999
2016-08-11T23:12:09	36.216766	30.583975	5.972125	0.069539	1.796641023
2016-08-12T00:46:53	46.662354	236.309708	23.274305	-2.772692	-0.3549278440000003
2016-08-13T02:02:07	54.054531	79.308807	8.217222	-0.427303	1.420531629
2016-08-12T00:07:14	29.063131	256.945313	17.392099	-0.982802	1.0000188859999999
2016-08-12T22:28:49	61.140461	211.547974	6.540279	0.293556	1.966221892
2016-08-12T22:40:51	33.683910	92.848351	10.525124	-1.191312	0.842176816
2016-08-12T23:57:53	41.612572	207.132599	22.917492	-1.080925	0.925739775
2016-08-11T19:51:09	30.537815	296.556824	17.184328	0.228718	1.917139526
2016-08-12T00:56:18	50.636642	322.424805	20.338823	-2.938418	-0.48038242600000003
2016-08-13T00:16:01	71.670876	176.463516	25.206757	-1.951210	0.2669340299999998
2016-08-11T23:59:53	81.463669	285.810791	31.451035	-1.301392	0.7588462559999999
2016-08-12T00:17:02	50.510666	217.203949	24.566704	-1.365965	0.7099644949999999
2016-08-12T01:54:30	43.136551	110.928879	5.035229	-0.355914	1.474573102
2016-08-12T01:42:12	61.854874	162.828171	20.155035	-1.253453	0.795136079
2016-08-12T22:50:58	81.667313	29.378700	17.389805	-1.581345	0.546921835
2016-08-11T21:37:37	35.095600	6.995378	5.738207	-0.770731	1.160556633
2016-08-12T00:36:49	47.845409	243.336914	24.068010	-1.520755	0.5927884649999999
2016-08-13T02:04:34	46.402058	213.615662	19.354065	-1.006409	0.982148387
2016-08-12T01:50:51	60.831257	186.097565	16.948528	0.125066	1.838674962
2016-08-11T23:37:13	37.075821	55.815742	4.350840	-1.547329	0.5726719470000001
2016-08-11T23:15:22	61.022755	210.659698	15.783102	-0.092098	1.674281814
2016-08-12T23:09:08	30.839798	75.116318	8.142152	-0.914489	1.051731827
2016-08-11T21:10:26	39.823242	228.116119	8.811893	0.345586	2.005608602
2016-08-11T23:17:50	27.964415	229.131592	15.105836	-1.282875	0.7728636249999999
2016-08-11T21:36:14	46.869030	192.641541	12.390171	-0.885009	1.0740481869999998
2016-08-11T23:10:18	56.178738	208.796326	24.202143	0.779662	2.334204134
2016-08-13T00:47:43	16.312717	196.196899	8.124261	-2.660119	-0.2697100829999999
2016-08-13T00:10:17	44.109680	297.698944	23.175484	-2.162091	0.10729711299999978
2016-08-12T00:02:03	21.711727	281.206268	11.814387	-1.085571	0.9222227529999999
2016-08-11T22:28:03	40.352688	352.642670	13.270908	-0.633674	1.264308782
2016-08-12T01:15:55	35.435532	295.993164	13.460631	0.374858	2.027767506
2016-08-11T23:36:28	25.683479	194.896637	0.139824	-0.505511	1.361328173
2016-08-12T22:54:39	51.668617	158.598999	23.647982	-1.527595	0.587610585
2016-08-12T22:25:28	30.313276	138.752838	17.437065	0.026232	1.763857624
2016-08-12T01:37:53	59.302334	299.892578	23.376604	-0.592027	1.295835561
2016-08-13T01:47:51	28.392267	59.628017	10.098919	0.523879	2.140576403
2016-08-12T23:51:56	67.265671	124.244591	19.688990	-2.508462	-0.15490573400000018
2016-08-13T00:36:17	64.793533	129.508408	18.031363	-1.372474	0.7050371820000001
2016-08-11T22:25:22	24.183168	209.518585	12.985261	-0.173188	1.612896684
2016-08-12T00:03:20	41.054672	322.823090	16.064857	0.763469	2.3219460329999997
2016-08-13T01:10:39	38.097111	98.768013	12.521331	-1.197145	0.8377612350000001
2016-08-12T01:16:24	57.822605	278.772400	8.387104	-0.401776	1.439855568
2016-08-12T23:57:31	51.960533	338.217072	28.249645	-1.572342	0.553737106
2016-08-11T22:29:06	17.342312	186.199585	9.609240	-0.737983	1.185346869
2016-08-12T01:20:42	33.994862	281.557617	22.359558	0.249170	1.93262169
2016-08-11T21:57:57	15.120319	96.374756	8.233374	-0.765810	1.16428183
2016-08-11T23:27:39	68.039749	328.857239	18.658224	-0.808797	1.131740671
2016-08-11T22:48:20	26.028826	242.702682	16.121834	-2.257985	0.03470535499999983
2016-08-12T23:01:26	67.903870	76.452438	0.780555	-0.978712	1.003115016
2016-08-12T23:10:05	41.300728	247.044922	23.116930	-0.627854	1.268714522
2016-08-11T22:28:41	68.996742	23.632336	17.467758	0.731012	2.297376084
2016-08-13T02:04:09	53.333118	234.642532	8.842056	-0.064300	1.6953249
2016-08-13T01:12:59	21.584082	251.468216	11.626240	-1.843304	0.34861887199999986
2016-08-13T00:59:19	78.433365	232.692734	22.067886	-1.831916	0.3572395879999999
2016-08-12T00:17:20	54.712669	5.297341	12.061774	-2.421943	-0.08941085100000024
2016-08-13T00:47:35	50.268806	39.996655	5.482474	0.106569	1.8246727329999999
2016-08-11T22:16:35	48.818665	92.870911	21.331669	-0.414163	1.4304786090000001
2016-08-12T00:55:35	49.140797	48.530724	4.996299	-0.093226	1.673427918
2016-08-12T01:34:12	37.464096	343.815521	16.419619	-2.018571	0.21594175299999985
2016-08-13T00:14:26	68.432716	67.981613	20.870081	0.848251	2.386126007
2016-08-11T21:26:47	51.343060	21.325588	10.399166	-0.607789	1.283903727
2016-08-11T22:44:50	37.385677	50.032452	6.815912	0.379220	2.03106954
2016-08-12T23:53:20	62.333767	215.952835	37.052174	-0.300799	1.516295157
2016-08-12T00:09:59	25.229874	130.250961	10.129994	0.261661	1.942077377
2016-08-12T01:37:45	78.115570	347.797394	9.075286	0.180872	1.880920104
2016-08-11T23:20:52	25.486294	205.437698	15.515551	-1.904190	0.30252817
2016-08-11T23:17:43	43.205601	22.224396	8.300390	0.364553	2.019966621
2016-08-11T23:48:36	21.033813	226.595413	9.355439	-0.018418	1.730057574
2016-08-12T01:20:50	18.238270	148.714523	9.379137	-1.111418	0.902656574
2016-08-12T00:14:46	86.477554	172.111252	23.304941	-0.522905	1.348160915
2016-08-13T00:07:36	70.401009	99.573616	5.025274	0.372165	2.0257289050000002
2016-08-12T01:41:10	44.459278	155.046234	16.033535	-0.629013	1.267837159
2016-08-12T00:24:44	17.003944	247.943405	10.079807	-0.434229	1.4152886470000001
2016-08-13T00:56:46	51.180721	311.461548	21.176041	-1.497327	0.6105234609999999
2016-08-12T01:27:53	26.637171	179.009857	15.001717	0.491655	2.116182835
2016-08-12T23:32:51	16.013512	231.493927	12.045718	-0.742856	1.1816580079999999
2016-08-11T20:35:29	77.943665	180.981216	29.490515	0.881809	2.4115294130000002
2016-08-12T22:57:19	47.338665	117.884850	17.250048	0.199494	1.895016958
2016-08-12T00:35:03	15.828571	116.515022	8.806345	-1.047397	0.9511204710000001
2016-08-11T23:46:35	17.681623	264.015594	8.879757	0.733336	2.299135352
2016-08-13T01:09:57	39.930309	356.292358	14.589917	0.386585	2.036644845
2016-08-13T00:46:56	77.611084	318.666992	14.514166	-0.213928	1.582056504
2016-08-13T01:35:52	21.354286	54.767509	9.438675	-0.723469	1.196333967
2016-08-11T19:20:44	61.535778	304.594238	22.611929	-1.124075	0.893075225
2016-08-11T20:52:55	51.375839	37.605038	9.892818	-0.807614	1.132636202
2016-08-12T22:37:23	29.264034	321.641815	17.037848	-0.250839	1.554114877
2016-08-11T23:10:43	41.849731	29.594418	5.055754	-0.029720	1.7215019599999999
2016-08-11T22:13:15	61.857391	185.666992	9.324486	0.403299	2.049297343
2016-08-12T00:08:10	33.051376	166.353699	18.276119	0.199028	1.894664196
2016-08-13T01:44:54	80.588409	49.701481	8.137161	-0.191546	1.598999678
2016-08-11T23:22:01	26.648497	113.298500	10.909460	-0.763266	1.166207638
2016-08-12T23:31:41	52.496281	235.898071	28.119209	-0.489632	1.373348576
2016-08-11T23:36:52	42.026180	130.596970	14.918952	-0.191623	1.598941389
2016-08-12T22:16:56	68.417320	78.478119	18.309374	-1.041749	0.9553960069999999
2016-08-12T23:35:11	66.875313	354.545959	17.861591	-0.649133	1.252606319
2016-08-12T00:08:47	31.285000	221.293549	17.892309	-0.133137	1.643215291
2016-08-13T01:38:33	32.182774	66.421593	8.293684	-0.513600	1.3552048
2016-08-13T01:10:56	25.075768	202.436188	15.488914	-1.233467	0.810265481
2016-08-12T23:58:08	50.421356	206.774673	23.108438	0.277752	1.954258264
2016-08-11T20:25:55	21.688921	182.863678	14.489017	0.750755	2.3123215349999997
2016-08-12T01:29:21	32.100552	88.406807	10.429105	1.068542	2.5528862940000003
2016-08-12T22:00:37	49.714840	336.199463	19.607338	-2.233711	0.053080773000000026
2016-08-12T00:26:50	60.625301	268.016815	30.926771	-1.211311	0.8270375729999999
2016-08-11T20:16:00	46.422855	14.860997	12.944206	-1.703893	0.45415299899999995
2016-08-11T23:54:06	16.884760	59.353394	4.722388	-0.895917	1.0657908310000002
2016-08-13T01:13:41	70.879166	94.780136	9.343626	-0.870021	1.085394103
2016-08-12T22:48:40	39.603718	330.805725	8.919421	0.565354	2.171972978
2016-08-12T00:01:13	16.481884	225.760254	9.047136	-0.722983	1.196701869
2016-08-13T01:11:10	82.612968	9.404783	11.600766	-0.536849	1.337605307
2016-08-13T01:40:53	38.497704	104.810394	13.128063	-1.378879	0.7001885969999999
2016-08-13T01:34:56	45.330425	337.460388	20.031233	-1.123141	0.8937822630000001
2016-08-11T22:47:14	34.751812	34.023636	2.338672	0.542918	2.154988926
2016-08-11T20:50:18	72.823524	30.049517	15.443197	1.645363	2.989539791
2016-08-12T01:51:13	25.978388	155.234055	11.250734	0.453191	2.087065587
2016-08-11T23:33:09	16.097746	65.882965	1.535608	-0.508975	1.358705925
2016-08-12T01:23:38	45.332699	61.725246	5.447635	0.481503	2.108497771
2016-08-12T01:32:25	22.349567	61.865379	9.459532	0.036164	1.771376148
2016-08-12T00:44:49	19.994446	119.892120	11.059743	-0.391748	1.447446764
2016-08-12T23:06:28	57.999920	149.813293	13.577349	0.196877	1.893035889
2016-08-12T00:28:34	28.156879	315.634460	16.216848	-1.775188	0.400182684
2016-08-12T01:08:32	44.752552	24.432590	9.395910	-0.024827	1.725205961
2016-08-12T00:12:58	20.901251	40.493645	6.401980	-0.523658	1.347590894
2016-08-12T01:11:15	32.875343	267.722015	19.645178	-1.123834	0.893257662
2016-08-13T01:26:09	41.430641	62.835899	7.751253	-0.927664	1.041758352
2016-08-11T21:37:17	21.825243	88.584534	8.743943	-1.011503	0.9782922289999999
2016-08-13T00:18:20	36.794765	297.497833	19.493891	0.415212	2.058315484
2016-08-13T01:27:33	26.187340	299.902649	16.618805	-1.885173	0.3169240390000001
2016-08-12T00:53:59	69.231758	97.743240	16.066748	-0.754740	1.17266182
2016-08-12T23:11:28	36.123322	138.168121	18.451891	0.690576	2.266766032
2016-08-11T22:36:10	73.684380	327.695129	20.506105	0.501396	2.123556772
2016-08-11T23:15:19	29.696220	297.900574	22.039225	-1.361887	0.713051541
2016-08-13T01:33:13	43.794991	316.231812	24.819958	-1.000904	0.9863156719999999
2016-08-12T00:15:00	49.160225	31.578701	3.324773	0.232689	1.920145573
2016-08-12T01:08:01	70.906525	40.950340	3.501970	0.054974	1.785615318
2016-08-12T01:35:42	74.581436	312.441742	12.705352	-0.253432	1.552151976
2016-08-11T23:25:24	46.437126	281.845856	21.948570	-1.812472	0.37195869599999987
2016-08-11T21:34:44	78.616714	156.264145	1.100000	0.080213	1.804721241
2016-08-11T23:12:36	25.056841	128.539215	14.837961	-0.801286	1.137426498
2016-08-12T01:32:48	48.652138	251.144592	18.995672	0.075163	1.800898391
2016-08-13T01:48:26	54.154785	73.724899	6.554677	0.449843	2.084531151
2016-08-11T23:32:33	43.748100	22.998177	4.074842	0.486840	2.11253788
2016-08-12T00:40:00	28.960709	111.877426	11.415445	-1.458807	0.6396831009999999
2016-08-11T23:20:42	54.626823	219.707123	18.721798	0.417333	2.059921081
2016-08-11T23:38:10	51.802441	269.395325	14.464420	-1.635072	0.5062504959999998
2016-08-12T23:25:55	54.577339	249.284637	22.830379	-1.255035	0.7939385050000001
2016-08-13T01:08:36	75.431023	295.963806	18.359413	-1.810478	0.373468154
2016-08-11T23:50:02	69.347740	334.590485	11.420865	-0.878496	1.078978528
2016-08-13T00:41:38	34.651035	147.575836	12.167834	0.671760	2.2525223199999997
2016-08-11T22:06:27	55.540436	342.397614	16.321283	0.496143	2.119580251
2016-08-12T01:40:03	54.142933	136.399155	17.031303	-0.587686	1.299121698
2016-08-12T23:56:56	41.867321	150.232559	18.825878	0.239193	1.925069101
2016-08-11T20:53:27	27.077991	258.961365	24.789890	-1.421311	0.6680675730000001
2016-08-12T23:57:28	49.688381	51.518288	2.789757	0.246369	1.930501333
2016-08-12T00:04:40	63.084461	292.622864	28.712854	-1.208919	0.828848317
2016-08-11T22:19:23	47.409786	16.226046	8.655883	-0.866502	1.088057986
2016-08-12T00:16:37	28.105986	241.690720	16.400417	0.616712	2.210850984
2016-08-12T23:39:09	26.155361	251.559250	4.359571	1.002809	2.503126413
2016-08-13T01:24:24	28.270046	136.227219	23.966629	-1.780422	0.3962205460000001
2016-08-12T23:21:40	26.448053	53.434731	5.976660	-0.341292	1.485641956
2016-08-12T22:21:10	44.769779	69.761795	11.472144	-0.018726	1.729824418
2016-08-12T23:08:11	26.949266	310.387695	15.032882	-0.688917	1.2224898309999999
2016-08-12T00:23:19	58.280056	152.988632	13.663578	-1.274565	0.779154295
2016-08-11T20:40:52	34.367027	235.646210	0.000000	-1.266591	0.7851906129999999
2016-08-12T00:17:06	44.667702	87.737274	8.435310	-1.137401	0.8829874429999999
2016-08-11T23:24:40	16.779268	193.577957	8.215473	-0.203444	1.589992892
2016-08-11T19:39:27	32.071083	187.835236	14.046916	-0.649293	1.252485199
2016-08-11T23:13:49	75.744537	249.012405	4.083468	0.700631	2.274377667
2016-08-12T21:51:59	49.191856	190.967575	25.112940	-1.130251	0.888399993
2016-08-13T00:01:25	25.492043	201.579651	16.850588	-1.934361	0.27968872300000003
2016-08-12T22:27:15	15.422556	278.612396	10.485394	-0.907071	1.057347253
2016-08-13T01:02:54	27.267687	271.547668	1.100000	1.651914	2.994498898
2016-08-12T01:13:40	35.876865	62.513493	8.207585	-1.105498	0.9071380139999999
2016-08-13T02:01:53	30.198051	226.605392	18.625584	-1.828135	0.360101805
2016-08-11T22:31:48	63.052307	96.978310	18.438616	-0.092888	1.673683784
2016-08-11T21:50:09	61.080067	169.260162	28.991238	-2.134985	0.127816355
2016-08-12T01:41:20	75.325806	331.662323	14.699594	-1.433557	0.658797351
2016-08-13T01:29:26	41.863663	36.960022	5.160266	0.511141	2.130933737
2016-08-12T00:57:28	76.936485	19.683966	11.964363	-0.783198	1.151119114
2016-08-12T00:44:09	46.428665	331.613800	14.540253	-1.376767	0.7017873809999999
2016-08-13T00:35:40	19.254587	45.955185	3.038057	-0.594667	1.293837081
2016-08-11T23:37:24	50.094048	2.963104	2.608123	1.545096	2.913637672
2016-08-11T23:42:59	65.055519	97.869530	12.596006	0.378536	2.030551752
2016-08-12T00:00:19	29.936874	214.608780	6.323349	0.583800	2.1859366
2016-08-11T23:49:07	42.353050	261.802612	16.857283	-0.251089	1.553925627
2016-08-12T00:40:58	36.364902	111.711418	17.273886	-1.224267	0.817229881
2016-08-13T01:34:33	29.490282	193.098175	17.906965	-1.324853	0.7410862789999999
2016-08-11T21:29:48	43.276760	24.783209	6.098361	-0.151010	1.6296854299999999
2016-08-12T23:43:33	29.329313	274.166748	17.509220	-0.984796	0.998509428
2016-08-11T22:20:58	15.493419	318.847290	14.573454	-1.518346	0.5946120779999999
2016-08-11T21:37:44	22.619656	181.262741	12.388775	-1.441208	0.653005544
2016-08-12T01:23:34	32.146030	253.252869	11.637866	1.435027	2.830315439
2016-08-12T01:50:13	58.880608	165.489670	20.552364	-1.754555	0.41580186499999994
2016-08-12T00:15:18	58.909985	219.213364	23.918779	0.493624	2.117673368
2016-08-13T00:08:05	77.957573	170.707748	8.252232	-0.310155	1.509212665
2016-08-12T22:46:01	45.485394	204.280960	24.445908	-1.996588	0.23258288399999993
2016-08-12T01:11:50	34.377670	126.855247	20.766893	-2.068517	0.17813263099999999
2016-08-11T22:43:29	69.090889	54.437698	14.672806	-0.864688	1.089431184
2016-08-13T01:48:49	15.862915	223.139740	10.892596	-1.496804	0.6109193719999999
2016-08-12T01:26:50	37.201706	335.703339	15.217744	0.894622	2.4212288539999998
2016-08-11T23:01:32	44.480583	298.209076	23.677475	-2.425532	-0.09212772400000002
2016-08-13T00:44:06	48.513798	117.541580	15.389580	-1.203724	0.832780932
2016-08-11T21:53:33	24.150661	195.122620	13.784343	-1.799721	0.38161120300000007
2016-08-11T19:21:15	52.496670	271.483704	27.975180	-1.118579	0.8972356969999999
2016-08-12T23:20:45	41.676979	287.638397	21.787170	-0.645701	1.255204343
2016-08-13T00:15:21	22.946501	320.445190	18.023190	-0.062710	1.69652853
2016-08-12T23:57:13	37.635368	261.051056	22.119608	-0.448173	1.404733039
2016-08-12T00:47:48	42.726322	60.469524	6.011996	-0.875705	1.081091315
2016-08-11T21:15:02	17.643900	325.202423	9.939782	0.965879	2.475170403
2016-08-11T22:46:59	62.236412	347.791229	18.506317	-1.071355	0.932984265
2016-08-12T00:13:59	71.402245	194.673050	11.583632	-0.988545	0.995671435
2016-08-12T21:59:18	36.764862	160.999435	20.482105	-1.211872	0.826612896
2016-08-12T19:47:37	17.320381	256.755280	9.100433	0.500556	2.122920892
2016-08-12T00:55:18	33.452705	263.416931	19.421965	-0.108154	1.662127422
2016-08-11T20:37:11	76.598717	28.857548	18.677641	-0.408107	1.435063001
2016-08-11T22:52:03	21.291906	186.542572	15.970852	-0.053093	1.703808599
2016-08-11T23:02:18	62.547348	160.375320	26.834152	0.327954	1.9922611780000001
2016-08-13T01:41:38	53.295979	147.300201	20.060818	-0.461083	1.394960169
2016-08-13T00:32:56	16.950426	178.830841	11.695332	0.180766	1.880839862
2016-08-13T01:46:05	71.982040	232.648819	26.993254	0.451346	2.085668922
2016-08-12T00:15:36	45.682110	170.776627	21.404369	-1.728152	0.435788936
2016-08-11T20:38:14	30.963337	66.117943	9.192533	-0.351221	1.478125703
2016-08-12T00:28:52	57.722282	261.646271	25.698742	-2.061493	0.1834497989999999
2016-08-13T00:43:51	47.595612	257.273926	26.742256	-1.074018	0.9309683740000001
2016-08-12T01:28:25	38.937363	59.330647	13.395279	-0.086247	1.678711021
2016-08-12T22:17:15	28.694679	40.518520	3.587947	-0.713828	1.2036322039999998
2016-08-11T23:22:15	60.209293	138.736511	29.099802	-1.863170	0.3335803099999999
2016-08-12T01:08:05	22.817089	165.096100	6.963120	0.723697	2.291838629
2016-08-13T01:23:21	53.116161	316.966370	14.319053	0.797922	2.348026954
2016-08-12T00:42:08	66.733482	113.714783	13.669090	0.553677	2.163133489
2016-08-11T23:53:08	20.671377	55.612339	5.353909	0.545321	2.156807997
2016-08-12T01:34:35	22.289694	342.992645	11.811708	0.049007	1.781098299
2016-08-11T23:14:12	75.792175	250.306793	24.151001	-1.680906	0.471554158
2016-08-11T23:26:02	37.604321	34.358879	7.567677	0.091603	1.813343471
2016-08-12T22:02:24	70.545631	219.443710	32.815083	-2.254817	0.037103530999999856
2016-08-11T23:34:21	40.939171	83.198341	11.076743	0.579606	2.182761742
2016-08-13T01:06:05	28.595310	211.989105	15.595409	-1.171384	0.857262312
2016-08-12T00:20:04	49.862858	17.999424	9.503329	0.625090	2.21719313
2016-08-12T21:40:59	32.270607	311.878174	19.532877	-0.226827	1.572291961
2016-08-11T23:02:56	59.477459	74.293510	9.841918	0.445104	2.080943728
2016-08-13T00:52:01	41.219620	313.401062	12.097185	-0.237257	1.564396451
2016-08-13T00:16:07	72.656883	281.109528	21.686605	0.232563	1.920050191
2016-08-12T21:42:48	44.930954	170.922791	23.481104	-1.169874	0.8584053819999999
2016-08-12T21:55:44	29.857660	79.375710	8.247090	-0.901009	1.0619361870000001
2016-08-11T22:26:16	38.032215	90.827209	5.263920	1.166283	2.626876231
2016-08-12T23:54:17	31.025795	269.516998	13.471178	-1.221104	0.819624272
2016-08-13T00:50:23	36.697773	39.290913	8.922060	-1.659591	0.4876896129999999
2016-08-13T00:11:35	32.570934	78.853668	8.668374	-1.063390	0.93901377
2016-08-11T20:58:04	29.365545	238.214523	12.683674	0.453973	2.087657561
2016-08-11T22:19:09	39.916283	81.996269	10.671550	0.457859	2.090599263
2016-08-11T21:38:25	72.080971	28.170595	28.617207	-2.330875	-0.020472374999999765
2016-08-12T22:44:59	16.056227	211.752441	10.145936	-1.216523	0.823092089
2016-08-12T00:23:29	23.268982	220.217438	13.977860	-1.930456	0.2826448079999999
2016-08-12T21:59:51	19.089384	234.077362	6.439721	-0.645792	1.255135456
2016-08-11T22:43:55	37.367527	34.348419	3.060107	0.969850	2.47817645
2016-08-12T00:52:22	63.534981	295.404175	21.006107	-1.679939	0.472286177
2016-08-11T23:46:42	24.959757	271.042023	15.090224	-0.594366	1.294064938
2016-08-13T01:03:35	68.687523	17.842949	13.592273	-1.018263	0.973174909
2016-08-13T00:22:13	41.497635	261.257568	23.087906	-1.263803	0.7873011289999999
2016-08-11T19:46:29	41.188026	358.601868	7.998229	1.288417	2.719331669
2016-08-12T00:42:21	24.336504	316.638977	14.684693	-0.018845	1.729734335
2016-08-11T23:21:29	32.620693	122.995605	15.434379	-0.697260	1.2161741799999999
2016-08-13T00:59:53	86.770950	105.838661	14.806939	0.064554	1.792867378
2016-08-11T20:55:12	71.462639	20.226263	23.965006	0.763138	2.321695466
2016-08-12T01:25:00	32.692352	207.240143	19.826900	-2.072885	0.17482605500000004
